{
  "products": [
    {
      "productName": "구멍난 양말",
      "productPrice": "1000",
      "productNumber": "302012",
      "productSize": "X, M, L",
      "productRating": "4.5",
      "productReview": "3",
      "Review": [
        {
          "reviewer": "김철수",
          "review": "좋아요",
          "rating": "5"
        },
        {
          "reviewer": "김영희",
          "review": "별로에요",
          "rating": "2"
        },
        {
          "reviewer": "김영희",
          "review": "별로에요",
          "rating": "4"
        }
      ],
      "productDetail": {
        "productDetailInfo": "구멍난 양말 상세 정보 입니다."
      }
    },
    {
      "productName": "product example -1",
      "productPrice": "1000000",
      "productNumber": "103852",
      "productSize": "X, L",
      "productRating": "3.4",
      "productReview": "2",
      "Review": [
        {
          "reviewer": "김철수",
          "review": "좋아요",
          "rating": "5"
        },
        {
          "reviewer": "김영희",
          "review": "별로에요",
          "rating": "2"
        }
      ],
      "productDetail": {
        "productDetailInfo": "product example -1, Detail"
      }
    },
    {
      "productName": "product example -2",
      "productPrice": "900",
      "productNumber": "289632",
      "productSize": "M",
      "productRating": "4.5",
      "productReview": "5",
      "Review": [
        {
          "reviewer": "김철수",
          "review": "좋아요",
          "rating": "5"
        },
        {
          "reviewer": "김영희",
          "review": "별로에요",
          "rating": "2"
        },
        {
          "reviewer": "김영희",
          "review": "별로에요",
          "rating": "4"
        },
        {
          "reviewer": "김영희",
          "review": "별로에요",
          "rating": "2"
        },
        {
          "reviewer": "김영희",
          "review": "별로에요",
          "rating": "4"
        }
      ],
      "productDetail": {
        "productDetailInfo": "product example -2, Detail"
      }
    }
  ]
}
